WKT	objectid	feature
LINESTRING (551564.6485128599 7435101.858559, 551359.45907157 7434798.85849178, 551042.93877795 7434393.40352686)	1203	Fault or shear zone
LINESTRING (606538.23457083 7449076.36897596, 607623.61078089 7448789.39920224, 607913.59891624 7448712.38007275, 608352.61152712 7448596.34020103, 611285.03309649 7447476.57160688, 612476.86997714 7446988.46051493, 612932.12148642 7446801.94056867, 613059.5107895 7446749.45026697, 613207.15253931 7446691.51680421, 613553.81944768 7446555.47993677, 614417.28863379 7446222.52021326, 614525.66132837 7446179.83920879, 614578.4710575599 7446159.04040889, 615099.72016137 7445944.07905146, 615156.40096433 7445920.57229168, 615312.9499774399 7445856.08896656, 615393.42034673 7445833.08944828, 615961.08045589 7445671.12870291, 616384.95799835 7445637.66902295, 616840.7137737999 7445601.69361203)	5454	Fault or shear zone
LINESTRING (526069.2266133815 7421210.058449306, 525182.79532821 7421971.76478727, 523623.09517517 7423225.60638261, 519535.25526239 7426376.63118523, 517256.19923509 7427833.62401022, 515819.70509655 7428613.03290473, 514539.17524263 7429256.87861414, 512508.69477238 7430104.16886148, 511975.4630899804 7430393.220344281)	6359	Fault or shear zone, major
LINESTRING (536285.9183745401 7437051.40162196, 534920.42198012 7437361.53109248, 532464.2206408801 7438072.34246641, 529606.59767005 7438837.79819223, 527099.74577992 7439547.81854306, 524292.18576832 7440583.40749763, 522136.15263365 7441400.51124805, 519579.06470601 7442651.83040846, 516219.32911185 7444500.34487442, 512909.14076031 7446565.04951606, 511975.4630899804 7447116.447952973)	6807	Fault or shear zone, major
LINESTRING (568748.86295698 7497204.91630132, 569262.37134949 7496786.92015339, 569411.93989073 7496665.41999101, 569559.73900951 7496544.93958288, 569701.38018272 7496461.93891602, 570732.92951344 7495857.47287725, 571488.12871081 7495446.00104761, 571570.1878734 7495401.50108191, 573206.11043406 7494393.02054974, 575937.150744 7492341.5392915, 577096.46988844 7491368.55104552, 577875.3414071799 7490714.55884221, 579161.84109962 7489549.57089264, 579629.31900429 7489126.56763895, 581824.43039498 7486696.03878598, 582767.23928664 7485704.02128608, 583994.65885152 7484379.98934844, 585775.61235223 7483109.94962771, 586716.65921447 7483092.4400451, 587956.65741683 7483078.93895751, 589335.54718534 7482842.44079243, 590296.06683283 7482705.93066339, 591566.34508211 7482582.42035524, 592083.45916974 7482498.92989124, 592248.36856012 7482471.91983195, 592919.80160437 7482364.92469938, 593243.50360163 7482229.41125254, 593623.5981929899 7481921.91667027, 594034.25707337 7481352.9285399, 594275.02937699 7480984.92886596, 594330.96871277 7480899.42876414, 594590.12004096 7480547.94215676, 594654.90077376 7480477.43024997, 594738.13099432 7480387.44091938, 594931.76392054 7480176.93622213, 595083.94598135 7480087.44381695, 595483.63180615 7479893.95779796, 595925.2703918701 7479820.44768331, 596204.8865738499 7479774.45051784, 596989.63405755 7479643.96070428, 598171.13842988 7479351.48992983, 598379.88857927 7479281.97979572, 598545.98135688 7479226.9908333, 599301.3985151 7478976.00577922, 599974.02336191 7478660.51429228, 601136.0082338901 7478272.54238958, 601846.7072646701 7477956.54589903, 602915.93536563 7477332.01657406, 603951.05093101 7476474.99019451, 604363.2199331101 7476068.47183038, 604982.85648984 7475456.95432554, 605735.97123017 7474689.44376207, 606393.44165939 7473851.9137676, 607063.50528307 7472982.88439012, 607254.49576362 7472698.03550109, 607675.98287611 7472069.36814194, 608212.59258659 7471238.8754268, 608756.06587664 7470516.86747511, 609331.22638638 7469787.85303756, 610027.50223031 7469083.84237495, 610546.87141315 7468654.85400372, 610704.94176284 7468528.84954779, 611053.69947918 7468250.85001559, 612150.14920479 7467455.86091011, 612466.86465365 7467235.36465265, 612841.02141291 7466974.86048495, 613602.00889649 7466537.84594249, 613679.39925239 7466507.35819626, 613836.27695366 7466445.57644337, 614049.92345736 7466361.43454241, 614290.23756395 7466266.78503328, 614617.58000789 7466137.8506711, 615634.05104709 7465780.35193969, 616146.98066385 7465604.35958288, 616418.20934081 7465511.85044934, 616477.8680626 7465491.34942636, 616720.59653517 7465445.21554859, 617077.66215597 7465377.34277945, 617341.39926695 7465324.00758097, 617530.11086497 7465285.84154621, 617979.1010064 7465186.34129407, 618199.56123767 7465137.81942059, 618580.18959595 7465005.28963549, 618980.56502109 7464866.24814628, 621765.01304148 7464622.04359976, 622915.01961173 7464379.99066083, 623835.5982706 7464069.52111796, 624312.15970473 7463990.53848024, 625144.25132814 7463789.06858629, 626172.96950871 7463497.08980302, 627237.60880046 7463193.98845333, 627563.74151839 7463101.12126712, 628123.00947744 7462946.61982463, 629138.73486005 7462653.56118673, 629520.01917633 7462587.54053013, 630194.92137062 7462556.00056152, 631009.43999578 7462494.44923786, 631631.208236 7462441.91056722, 632086.61745032 7462389.37999647, 632217.96864575 7462362.87066537, 633588.51766246 7461935.01922809, 634447.56086343 7461666.77024081, 635596.7801483599 7461403.05741232, 636412.69085863 7461215.77001541, 637004.37766901 7461057.26954907, 637385.78994324 7461036.27034089, 637722.39043929 7460926.27160423, 638688.37976524 7460787.26997661, 639330.64803113 7460783.73926193, 641054.33883849 7460831.67003333, 641894.24023885 7460916.13792662, 642848.94088982 7461082.59958671, 643613.21988409 7461320.56134863, 644270.745067956 7461603.190258013)	6825	Fault or shear zone, major
LINESTRING (548218.22807501 7450974.94948044, 548161.3189723 7451125.44891608, 547707.40033065 7452325.4307921, 547464.13061172 7452915.40922554, 547215.51593626 7453675.88470799, 546579.39038401 7455223.33477157, 546055.13377195 7456548.29762166, 545329.9786268 7457850.91539849, 544729.9803927999 7458719.99023969, 544604.09853308 7458988.01349798, 544288.02569262 7459384.02654756, 543960.10011878 7459958.56505952, 543434.7212004 7460483.58773283, 542832.58563427 7460900.62652523, 541947.24020016 7461594.13360507, 540605.40690458 7462379.64165909, 539960.0693196499 7462707.67802502, 539162.75990532 7463113.20046616, 538674.36701702 7463361.71676582, 538293.3545173 7463510.22633178, 536165.5430325801 7464399.27606229, 535352.90989588 7464690.2789, 534018.7205424299 7464952.29872435, 532582.2692631501 7465112.82975474, 531591.3410342 7465353.35271731, 530947.31287336 7465956.55558828, 530691.67782143 7466064.85168157, 528627.6788899601 7466655.38084503, 526716.73902689 7467353.40843474, 524788.17820272 7468330.93075642, 523304.73872146 7469312.95919585, 521865.12991557 7470148.48059644, 520033.05930122 7471367.48009627, 518549.81973212 7472380.98952566, 518505.57810247 7472444.9988342, 517573.97440977 7473125.01394265, 516155.31681084 7474354.51174365, 514895.1603116 7475481.46215894, 513586.04587246 7477009.90240619, 512383.63234382 7478365.19271902, 511975.4630899804 7478825.175021991)	7344	Fault or shear zone, major
LINESTRING (524662.73130987 7480154.44913802, 525046.50120046 7480304.95969632, 525590.13885675 7480549.45773494, 526736.96184937 7480922.95966262, 529856.88747434 7481720.47954789, 529827.91051599 7480963.48990523, 531488.10806683 7481043.48909377, 533085.2699609899 7481251.00100287, 534592.61076391 7481281.00779135, 536441.71919303 7480978.03134904, 537775.9318132401 7480703.57045699, 538468.26221117 7480515.58826357, 538902.02006777 7480793.10108062, 539450.06928267 7481044.61925155, 540092.7888113901 7481117.63171911, 540899.98049524 7481030.66038642, 541528.28853057 7480753.66789409, 542003.92130431 7480483.66054976, 542810.1686016 7480186.17231369, 543273.43074471 7479986.68121437, 543539.54005779 7479775.1787106, 543850.09943871 7479563.17715962, 544323.51875315 7479210.68079693, 545000.01970581 7478579.67025788)	7436	Fault or shear zone, major
LINESTRING (560124.94518343 7479717.8142949, 559565.25959079 7480131.81032142, 558961.61841599 7480662.81018675, 558506.94431588 7480932.37139168, 558166.31841564 7481134.30185048, 557462.72921041 7481615.29104849, 555890.97813197 7482756.78063474, 554199.29073696 7484058.27997833, 553299.0305781401 7484648.28057288, 552461.86938794 7485130.26124902, 551340.35883734 7485626.33762911, 551180.0214967499 7485697.24993663, 549901.13190891 7486170.60512689, 549154.91041516 7486446.74022528, 547917.22212296 7486949.72888485, 546577.26028642 7487345.218131, 544875.02778614 7487774.69125752, 543840.30941933 7488181.17854659, 542571.51239981 7488831.16066893, 541894.31235118 7489210.15968964, 541734.62845792 7489299.55409792, 541239.63983072 7489576.64160983, 539566.5335692801 7489954.74309584, 538311.22557001 7490273.62497534, 537771.61272498 7490461.123314, 537397.3711462599 7490660.1112043, 537143.2393442499 7490712.60994997, 536190.4407036999 7490947.09978482, 534321.30492983 7491059.07179509, 533413.07743435 7491318.5675787, 532258.33258664 7491872.06228827, 531616.53103596 7491977.0449986, 530872.6141028201 7492013.04908816, 530002.6940439499 7492272.54134977, 529240.74798104 7492531.02930639, 528389.75359679 7492771.53282839, 527475.04337437 7492999.02684152)	7439	Fault or shear zone, major
LINESTRING (637368.197225 7429868.7291365, 638870.89312811 7429406.18815159, 640431.63239223 7428828.08113588, 642975.13446774 7428076.8673658, 644270.745067956 7427521.337889681)	7884	Fault or shear zone, major
LINESTRING (523139.74494814 7465417.97509713, 522581.81478483 7466023.54415245, 522177.56610561 7466499.0424154, 521647.7793439 7467241.05086821, 521128.73031684 7467746.57165341, 520260.12860242 7468305.0606463, 519200.3577101 7468781.53989683, 517689.90124455 7469426.52139742, 515659.91893915 7470481.04005641, 514835.46035922 7470963.0409818, 514691.37116261 7471004.07124259, 513637.73076819 7471841.54425928, 512509.7372952 7472687.50387293, 511975.4630899804 7473099.60237605)	7966	Fault or shear zone, major
LINESTRING (581077.90917815 7480837.91895163, 580601.6722119401 7480980.43971354, 580157.2598705899 7481226.94932175, 579913.61298668 7481363.97005487, 578824.9190318499 7481936.00391764, 578487.37889662 7482153.50997411, 578101.0597258901 7482402.02113141, 577869.86182587 7482551.02945058, 577754.0380336 7482625.51931442, 577190.28199331 7483093.05006922, 576532.09099848 7483752.53835335, 576013.3282124799 7484334.53902645, 575932.97893011 7484494.61361314, 575629.07464492 7485100.04453437, 575368.20813082 7486400.03393559, 575078.08060153 7486904.52375479, 574921.37999465 7487382.53161149, 574713.03253032 7487695.5339062, 574459.77130746 7487932.51906034, 573949.26786829 7488525.01030281, 573823.63097605 7488670.4985382, 573705.78248045 7488806.50135585, 572646.62476345 7489414.97841415, 571362.15233114 7490248.9555088, 569987.51458075 7490631.93735807)	8551	Fault or shear zone, major
LINESTRING (568321.20201294 7446339.87048954, 567193.92724924 7444633.32736524)	9320	Fault or shear zone
LINESTRING (540019.18004706 7441700.40969283, 541259.61225069 7440920.89883683, 542488.27555332 7440286.40805068, 543256.80918965 7439863.89023346, 543673.87037482 7439548.10218851, 543843.44321325 7439419.69878769, 544263.30578294 7439101.75365798, 544326.50813069 7439053.8908047, 544684.6791808 7438690.89834363, 544838.9148316199 7438542.82279413, 545049.2172321799 7438340.912325, 545294.81148005 7438031.38945695, 545450.47725375 7437835.1646206, 545496.30132337 7437777.39955872, 545602.81912222 7437642.8987278)	15397	Fault or shear zone
LINESTRING (512855.51947114 7465188.04146992, 513357.43012322 7464342.06209641, 513384.66944071 7464296.05921961, 513630.40040224 7463395.07901319, 513724.60876135 7463049.58136147, 513734.60350634 7463014.18980671, 513929.33922956 7462324.58914385, 514218.00925923 7461514.58097289, 513963.11945727 7461053.57990613, 513799.54081458 7460757.56271349, 513274.99075516 7459801.53076318)	15527	Fault or shear zone
LINESTRING (544229.29847218 7451684.49182652, 544237.92786494 7452120.98188284, 544223.60133684 7453078.97099057, 544077.05063196 7453930.45174041, 543735.71773547 7455083.95000591, 543090.6882838299 7456360.9895145, 541059.32935031 7459777.11899743, 540447.55980016 7460837.15073094, 539460.95386335 7462585.01657167, 539162.75990532 7463113.20046616)	16245	Fault or shear zone
LINESTRING (511975.4630899804 7458347.414508787, 512818.68119331 7458174.4213971, 517092.7557963 7457585.00838037, 518040.43642246 7457426.80217587, 518395.41241885 7457367.52603888, 518544.9854417 7457109.78338527, 518925.23033822 7456454.50121208, 519178.00029335 7455979.49184445)	17127	Fault or shear zone, major
LINESTRING (574060.7803412307 7421210.058449306, 573961.98944238 7421449.36966234, 573925.0587061601 7421571.85835465, 573902.5729600301 7421712.87258904, 573536.19715853 7422246.37078843, 573148.46140521 7422672.36144104, 572831.6579249901 7423020.86872838, 571681.37457268 7423813.70624839, 571397.44040846 7424009.38170744, 571230.52325711 7424126.40058828, 570635.68272371 7424543.3886888, 569856.93619497 7424889.2515647, 568371.32964145 7425548.89074309, 567733.58018028 7425856.88055939, 566745.2223323199 7426334.3695246, 566083.70256991 7426645.35692772, 565241.52035416 7427084.8260337, 564593.63469283 7427461.87431926, 564387.5717077201 7427581.78607513, 563797.66494665 7427826.2748964, 563038.46162474 7428264.74706755, 561934.16703513 7428682.70060705, 560873.95292597 7429068.67222918, 560362.6957679 7429222.68011436, 559869.88156473 7429370.68611707, 559043.4282743901 7429600.18671696, 558734.28269294 7429833.69338704, 558243.42503793 7430274.21250186, 557872.34726751 7430623.71599493, 557265.41936801 7431002.22502148, 556359.85302769 7431468.25292013, 555469.52502273 7431872.32237397, 555358.27859516 7431922.80548545, 555318.55718707 7431931.49432262, 554637.43741518 7432080.46795948, 554384.6269831799 7432135.82981878, 553444.39267058 7432436.84893938, 552982.14887711 7432679.34587968, 551308.6359048 7433479.36952779, 550720.17892251 7433770.37298804, 550061.68629425 7434075.86982243, 548979.72422796 7434428.887033, 547850.69429191 7434640.39694742, 546439.5336409 7434922.90481434, 546190.28238613 7434960.74579942, 544581.35253951 7435204.90603101, 543734.62906623 7435463.8952807, 542605.59898695 7435698.8875143, 542078.64001757 7435870.38910938, 540959.12962415 7436239.90176224, 540065.3705858201 7436380.88865103, 538583.55858353 7436686.90107069, 537925.03048511 7436804.40106505, 537195.87871701 7436874.89180797, 536285.9183745401 7437051.40162196, 535884.83799885 7437328.93267756, 535835.04162684 7437363.38829647, 534794.73216847 7438180.38851582, 534429.22066322 7438431.89183345, 534228.23041407 7438569.88955297, 534053.5317115 7438704.3904345, 533128.55844336 7439420.53114641, 532690.1139281 7439759.942878, 532001.03835649 7440298.39931549, 531270.73000487 7440771.40047257, 530270.67767628 7441593.92142855, 529565.7780426 7442097.93119611, 528598.83137095 7443211.44164229, 527121.08808061 7444504.9683097, 526109.97039627 7445473.98080651, 525830.85783435 7445688.00221281, 523711.83897848 7447035.54838063, 522068.68833605 7448547.64000493, 520830.93099899 7449631.2192745, 519883.00059024 7450763.28816889, 518445.8795272 7452562.85753813)	17128	Fault or shear zone, major
LINESTRING (625226.49954169 7474334.77400805, 624894.3205154 7476716.74966651, 624756.94846057 7477258.24833139, 624577.88808831 7478398.73916261, 624503.29223303 7480053.80986146, 624634.01230837 7480791.85110105, 625013.26926323 7481841.39010904, 625357.16046699 7482317.39040892, 625795.10086514 7482710.40208126)	148	Fault or shear zone
LINESTRING (551359.45907157 7434798.85849178, 551708.35999984 7434590.87241839, 552012.7506366899 7434432.8610144, 552346.39849254 7434345.37014716, 552523.66128902 7434329.87171913)	306	Fault or shear zone
LINESTRING (556882.96814188 7437445.82129141, 557899.2197295401 7437162.29981956, 558997.54097701 7436984.27991418, 560379.37997924 7436671.25035303, 561129.50010027 7436356.73180885, 561943.36781042 7436155.22578777, 562750.85462653 7435928.24254409, 563445.27105492 7435835.26647279, 564234.11313955 7435678.29011665, 565944.4702149699 7435500.83306728, 566723.28087973 7435433.86997358, 567071.3588358701 7435403.87797295, 567554.24019699 7435339.89935627, 568664.9907159 7435339.92821434, 569485.9887305601 7435420.43945247, 571232.75098455 7435666.49886519, 573682.95075003 7435857.03156382, 574454.00935548 7435840.04090536, 574908.01797939 7435830.03027441, 575842.40985272 7435775.04269757, 576296.5174016299 7435748.55709441)	307	Fault or shear zone
LINESTRING (521647.7793439 7467241.05086821, 523146.2322127 7466742.517447, 524841.12022361 7466102.98980962, 526224.33113304 7465439.97006209, 527900.13926471 7464794.45048068, 529902.48198721 7464605.40200393, 532083.04050572 7464440.86034277, 534345.58907207 7464154.79890396, 536266.98610572 7463725.42816002, 536359.44032118 7463704.76077219, 538674.36701702 7463361.71676582)	313	Fault or shear zone
LINESTRING (521224.2899599 7489118.45021574, 520608.10777162 7489268.43948352, 518898.75119522 7489538.42341031)	5471	Fault or shear zone
LINESTRING (550889.79947393 7443709.80105831, 550135.57090692 7443837.82154184, 549475.97040519 7443952.83389574, 548517.45213637 7444275.34680453, 547772.8378271 7444432.35979989, 547179.71039046 7444568.87904873, 546188.62876875 7444714.9100007, 545444.11816221 7444909.40822927, 544832.40075561 7445115.90839123, 542411.09130884 7445991.92593349, 540231.21566001 7447112.95219815, 538989.01962158 7447564.00271871, 538718.0967186 7447692.00678337)	807	Fault or shear zone
LINESTRING (627577.13601661 7484556.86542482, 627191.38364012 7484119.36459263, 626759.34794281 7483481.37922227, 626362.47855817 7483058.38993924, 625881.7811486101 7482763.39968399, 625795.10086514 7482710.40208126, 624907.46625494 7482529.40994853, 624543.06887566 7482432.40987149, 624305.90194037 7482368.91067544, 623661.4068435 7482197.41416025, 621680.5700793799 7481565.40199611, 621330.46905345 7481484.39126672, 620579.02901187 7481278.37812905, 619980.18992068 7481052.38156683, 615948.25959396 7479724.99906714, 614578.88890325 7479325.6208935, 613840.0968770999 7479052.1928983)	818	Fault or shear zone
LINESTRING (589818.45088832 7481426.91119015, 588504.4485828599 7481930.40831781, 587158.55108773 7482402.42689453, 585775.61235223 7483109.94962771)	961	Fault or shear zone
LINESTRING (520020.69483805 7495438.93368951, 519762.19907704 7495904.93975594, 519433.31787936 7496282.44009632, 519021.35990318 7496577.43004279, 518014.1268507 7497123.75740697, 517847.87960707 7497213.92048382)	962	Fault or shear zone
LINESTRING (558739.44677939 7432956.27369722, 558670.18007639 7432476.25083382, 558573.7641984801 7431921.55784401, 558555.98025339 7431819.240151, 558536.68033453 7431717.74044601, 558425.8503189801 7431214.73145615, 558414.49308447 7431163.22826079, 558372.79066762 7430974.2178512, 558311.78917418 7430615.72107718, 558296.94081251 7430528.20904054, 558279.74317 7430427.20729134, 558243.42503793 7430274.21250186)	1202	Fault or shear zone
LINESTRING (569405.44260766 7496423.33170704, 569945.46092547 7495726.44085881, 570104.1808211 7495519.94871019, 570209.15799823 7495382.95616293, 570594.40913338 7494820.9712135, 570849.28487416 7494548.57317934, 571170.29524537 7494205.47330508, 571334.5429457 7494002.47989201, 571366.28056576 7493995.99071356, 572202.05069997 7493227.4976045, 573101.85181021 7492547.99421482, 573812.1510762901 7492136.50772221)	1236	Fault or shear zone
LINESTRING (534692.88943527 7447516.12007843, 536317.7726036099 7446576.04547183, 537312.46181258 7445917.98767151, 538382.09462866 7445101.45816492, 539431.72501272 7444088.94325265, 540034.45143388 7443382.91765981, 540674.31856219 7442537.41660989, 541106.90899245 7441908.41542837, 541288.1691062 7441533.89944919)	1831	Fault or shear zone
LINESTRING (566836.6297479999 7429573.98637556, 565792.03866362 7431000.83090121, 565640.20007389 7431207.82255775, 565270.90709114 7431712.32224992, 564501.99191204 7432596.79938184, 563671.87718028 7433304.26666283, 563006.32863973 7434073.75071317, 562409.63843078 7434729.23032714, 561786.66289456 7435539.46065923, 561419.44959463 7436001.21171104, 561129.50010027 7436356.73180885)	2213	Fault or shear zone
LINESTRING (548227.37947599 7440798.85949991, 547896.11485454 7441465.35771291, 547747.03008277 7441940.37233363, 547668.11219148 7442548.37118524, 547438.87067259 7443397.37810481, 547179.71039046 7444568.87904873, 546380.4393508 7446332.42068851, 545649.2504653001 7447836.45954099, 545280.8193787599 7448641.97134216, 545012.5186462899 7449282.4703671, 544376.13962199 7450778.98879267, 544229.29847218 7451684.49182652)	2214	Fault or shear zone
LINESTRING (546997.7593224 7441224.36794216, 546685.0709373 7441814.87909045, 546057.8181878 7442678.90062201, 545309.72127688 7443379.90050888, 544573.35266804 7443909.40576555, 543521.88821922 7444592.92135305, 542355.90333113 7445119.41685821, 541485.57024875 7445390.90866341)	2215	Fault or shear zone
LINESTRING (563123.60102724 7447853.79047538, 563195.04688899 7448226.7950036, 563325.39974554 7448984.79031557, 563391.9999284199 7449629.29979687, 563429.9088931 7449873.30982733, 563461.14583197 7450074.79719224, 563454.45998821 7450707.80076337, 563405.1320036401 7451225.80937451, 563343.28677357 7451425.29766984, 563320.48436318 7451498.84760728)	2219	Fault or shear zone
LINESTRING (517573.97440977 7473125.01394265, 517093.29470831 7473675.01434086, 516368.42860608 7475034.48169701, 515670.5044444 7476711.91367855, 515358.96946581 7477916.10319697, 515320.87237912 7478063.34776456, 515159.94932862 7478999.8154731)	2229	Fault or shear zone
LINESTRING (525375.30636128 7483424.96866113, 524988.58506172 7483694.46525743, 524381.21466631 7484340.47017183, 523577.77848075 7485223.46214201, 523268.12074711 7485625.95127814, 522902.44986615 7486302.46332054, 522587.88125018 7487010.96030626, 522285.26004105 7487566.45121267, 521735.34533654 7488269.45339421, 521415.01591716 7488743.45192373, 521224.2899599 7489118.45021574, 520689.08119362 7490139.43572196, 520260.74457819 7491109.44596029, 519972.78154691 7492053.43901718, 519550.39040752 7492831.92875539, 518943.53730775 7493598.92878699, 518184.84046494 7494525.92007636, 517804.77017997 7494846.41931665, 517393.62924844 7495306.91982853, 517026.31924961 7495626.90764268, 516855.68842699 7495863.41167651, 516444.34235097 7496285.90853327, 515754.79905719 7497040.40949866, 515572.22832905 7497244.41082431, 515387.88020121 7497449.91148447, 515090.68117852 7497755.41096752, 515033.51324235 7497814.39732047, 514809.95045296 7497998.90952445, 514561.90876484 7498203.89843185, 514472.00905955 7498277.88919451, 514412.7483578 7498326.90143242, 514229.46894694 7498441.40168252, 514165.47413392 7498481.40037068, 513025.75434247 7499531.38430439)	2235	Fault or shear zone
LINESTRING (576701.35997018 7486693.9144255, 576138.9475099701 7487993.5362809, 575228.8071546 7489378.5592281)	2238	Fault or shear zone
LINESTRING (512640.29950574 7497963.86951828, 511975.4630899804 7498660.649969695)	2246	Fault or shear zone
LINESTRING (643667.24215976 7432652.26119631, 644270.745067956 7432548.668614349)	2676	Fault or shear zone
LINESTRING (633042.9238830506 7421210.058449306, 633031.93022369 7421223.03891223, 632390.09875091 7421980.59151576, 631827.0617002 7422610.91106862, 631116.61032133 7423291.73167522)	2729	Fault or shear zone
LINESTRING (564593.63469283 7427461.87431926, 564268.90897958 7428047.29027099, 564151.8696226201 7428258.28021751, 564098.8093336 7428353.77874681, 563865.1694734599 7428659.76091481, 563390.7306098 7429281.75103765, 562669.94869211 7430328.21869572, 562636.25266211 7430382.5034203, 562357.7109251301 7430831.2188108, 562161.54953971 7431151.21928737, 561832.53877926 7431687.70999462, 561801.81001538 7431738.20904342, 561590.89010951 7432082.1907542, 561442.54905862 7432438.69785786, 561257.44001095 7432883.20124973, 560842.1630717301 7433880.72204056, 560386.26078261 7434561.75031623, 560308.78129483 7434677.73949515, 559636.00156454 7435412.25855418, 559597.0460816 7435454.75937353, 558955.96865975 7436117.78029967, 558489.57928335 7436500.28805846, 558206.95142948 7436685.30041967, 557311.41837575 7437220.32023819, 556882.96814188 7437445.82129141, 556051.97961848 7437882.81121035, 555316.1787648 7438519.8083214, 554706.6693824501 7439143.80986739, 554059.24954082 7439773.7942534, 553198.53438522 7440665.29299786, 552426.42951144 7441599.78406626, 551605.02082916 7442768.79218907, 551268.67088736 7443211.28109572, 550889.79947393 7443709.80105831, 550421.40149061 7444447.30983035, 550188.13920539 7444814.80509136, 549812.62155037 7445481.31554287, 549313.46171134 7446654.85044615, 548822.08731914 7448112.3945047, 548452.12979612 7449822.43066836, 548218.22807501 7450974.94948044, 549097.73826482 7450052.42838663, 549668.02069701 7449181.88947024, 550125.40809688 7448464.35968227, 550883.31964774 7447245.32867751, 552178.09027201 7444801.7778038, 552475.09882912 7444460.27851153, 553287.27891418 7443526.28658452, 554757.8834561401 7442545.78550976, 555310.2596216 7442183.27012498, 555740.40187483 7441900.77869994, 555874.09002416 7441813.28649185, 556221.54739968 7441682.7876121, 556611.98933266 7441467.29092662, 556820.12383019 7441354.41346917, 556960.50102946 7441278.28024782, 557169.86868499 7441167.27772917, 557664.64915634 7441022.7826711, 558189.97387555 7440777.77151507, 558655.79908565 7440464.77013524, 560446.02156456 7439713.26052543, 561492.50960646 7439295.237822, 561940.05811095 7439108.75758477)	2834	Fault or shear zone
LINESTRING (564391.81834914 7435442.27959232, 564929.83881763 7434636.82059848, 565079.79073783 7434325.81174591, 565317.0584604701 7433799.32037664, 565448.6300439 7433583.32147493, 565697.08333866 7433267.82508504, 567046.43005652 7430973.46807071)	2835	Fault or shear zone
LINESTRING (527900.13926471 7464794.45048068, 528261.42531241 7464537.94391328, 528781.28323111 7464197.94284349, 529370.56508811 7463755.43075062, 529921.77359474 7463313.42766765, 530662.33407081 7462583.42019243, 530906.24495378 7462247.22095322, 531009.8393847001 7462104.42069439, 531561.20931701 7461719.40915562, 531909.20969814 7461335.88804616, 532433.51345661 7460607.38391354, 532642.18714879 7460364.38686568, 532839.35786917 7460224.36942004, 533111.16889349 7460030.86095293, 533208.73962167 7459982.86100034, 533726.6238191 7459728.34289796, 533899.89213105 7459516.28654444, 536457.85557244 7456384.74972525)	2837	Fault or shear zone
LINESTRING (571353.19026803 7485676.11480959, 571493.68641712 7485294.61391117, 571945.52515138 7484343.66404932, 572597.93976109 7483491.22459058, 573665.75644067 7482807.02469608, 575067.75865719 7482086.53213402, 575935.58978929 7481661.53100116, 576554.66743375 7481358.02941807, 576792.03969006 7481283.01905675, 577280.74998189 7481128.51822507, 578049.97821041 7480976.49924012, 578242.51827107 7480931.50129641, 578917.26892959 7480773.46886547, 579544.58848238 7480699.96918527)	2840	Fault or shear zone
LINESTRING (511975.4630899804 7503207.082148803, 512019.33467082 7503183.88632349, 512378.69223974 7502790.37781566, 512482.67910213 7502680.07480504, 512803.84000718 7502339.39194001, 513018.03829121 7501955.39928763, 513106.53041648 7501796.901871, 513377.91096413 7501368.88972171, 513751.01193078 7500914.9009555, 513929.31901189 7500757.3978199, 514426.27836077 7500319.4083024, 514491.93672764 7500261.41079959, 515378.95553144 7499575.91353935, 515891.7593447 7499082.90846197, 515937.86030956 7499043.41833768, 516084.35138976 7498918.92114254, 516132.40196246 7498877.91262598, 516399.80081338 7498690.9206743, 516446.69074214 7498643.43120897, 516885.9020886 7498199.42979174, 516997.11223369 7498099.42919669, 517453.48725954 7497683.89853831, 517473.77941979 7497665.42163345, 517847.87960707 7497213.92048382, 517992.77992138 7496926.42913488, 518383.93146578 7496275.42011283, 518769.29014774 7495725.92848905, 519033.60405131 7495151.43264908, 519611.79503556 7493709.94373975, 519761.54298451 7493104.43897881, 519879.25178686 7492448.44111527, 519972.78154691 7492053.43901718)	2843	Fault or shear zone
LINESTRING (566723.28087973 7435433.86997358, 566841.29134518 7435062.87094076, 566974.8406973 7434643.37675349, 567060.25086137 7434255.38119644, 567128.2689250601 7433946.87847271, 567141.22003779 7433606.37017167, 567146.02947938 7433480.86555858, 567167.3558470201 7432266.36370675, 567163.4696816501 7432220.86835295, 567151.76612273 7432083.37357781, 567082.0984963099 7431264.87103478, 567046.43005652 7430973.46807071, 567031.7299710599 7430853.36941342, 567025.91784656 7430805.86939399, 566954.29955495 7430220.86930833, 566919.16829415 7430027.85851864, 566893.19132849 7429884.87138155, 566865.80974031 7429734.36010772, 566836.6297479999 7429573.98637556, 566826.41805486 7429517.86177462, 566682.75155295 7428901.85904293, 566677.29905664 7428878.34893572, 566719.93037166 7427727.86013516, 566700.96872632 7427254.35864477, 566697.279307 7427194.95230849, 566691.83960136 7427107.36104479, 566677.29978454 7426917.85968547, 566691.2582148199 7426797.85977852, 566745.2223323199 7426334.3695246)	2910	Fault or shear zone
LINESTRING (548218.22807501 7450974.94948044, 546778.50666264 7451312.98101237, 544824.21057673 7451556.99098283, 544229.29847218 7451684.49182652, 542821.47063177 7451857.99794682, 540643.06975949 7452075.02177046, 539203.60996324 7452255.08923836, 537796.43932178 7452555.66248449, 535765.7903077001 7453232.75926136, 534612.46402503 7453759.33523694)	2989	Fault or shear zone
LINESTRING (594034.25707337 7481352.9285399, 593584.14289066 7481641.92209401, 593139.68562883 7481803.42497428, 592516.58904424 7481813.43038989, 592007.61560785 7481758.92391374, 591274.97072746 7481719.91884326, 590658.67890578 7481685.91778624, 590146.44157319 7481527.91145514, 589818.45088832 7481426.91119015, 588799.61668575 7481133.40416319, 587794.70988231 7481106.89070033, 586466.21039856 7481234.89125695, 584378.72811842 7480902.88915994, 583488.27081597 7480875.90056299, 582253.99027346 7480755.38868292, 581344.5307648201 7480819.42134953, 581077.90917815 7480837.91895163, 580338.02042852 7480681.44083874, 579544.58848238 7480699.96918527, 578968.67993625 7480702.48425222, 578271.69048585 7480705.49883851, 576791.49136117 7480817.02993621, 575487.98043673 7480849.5313645, 574108.32739411 7480927.01943222, 573415.53054677 7481007.03026818, 573222.22804249 7480467.0181304, 573140.63245224 7480067.51828977, 573106.5981279101 7479900.52953614, 573000.83879393 7479477.51926189, 572815.63820202 7478763.028284)	2996	Fault or shear zone
LINESTRING (545893.98244059 7489525.86523723, 545755.50142375 7489723.68135684, 545376.7147522999 7490292.18461711, 544972.20599484 7490816.66864488, 544698.5290464 7491229.16123748, 544585.5114451 7491365.67175768, 544315.0181337401 7491692.17202982, 544278.19980615 7491731.16215295, 544116.74892785 7491902.66123526, 543948.0093154199 7492082.15929203, 543815.63934849 7492181.65231903, 543212.94172121 7492633.64954097, 542578.61935664 7492980.65130643, 542286.88914077 7493141.65162613, 541963.19163038 7493283.13978594, 541373.25980024 7493585.6289696, 540638.12432243 7494130.62800413, 540139.05340998 7494814.13423512, 539420.74387274 7496089.78824517, 539394.93209254 7496135.62297114, 539028.58285976 7496659.63465747, 538598.44607519 7497133.1117222, 538110.6330664899 7497524.11207555, 537533.494343 7497858.11327313, 536981.50944426 7498128.61605469, 536416.39474816 7498309.60412959, 535889.29443311 7498465.10473309, 535476.49000407 7498575.61415051, 534479.0962729499 7498804.10098736)	2997	Fault or shear zone
LINESTRING (554862.03073534 7497234.0601492, 554527.5386105001 7496881.23194422)	3370	Fault or shear zone
LINESTRING (554653.920989758 7421210.058449306, 554137.63783453 7421460.02076352, 548483.28105488 7423735.94832974, 544437.43142491 7425238.65084047, 540116.0371392299 7426953.83605431, 537051.99288756 7428494.3721488, 535401.31601001 7429094.39683081, 533737.40828303 7429465.88262976, 532680.07378234 7429753.30306849, 532234.76210811 7429894.00725918, 530893.14585139 7430317.81789437, 528036.94054164 7431082.99464033, 523727.88833206 7432772.2681872, 517964.17564107 7434950.35910234, 512048.54144646 7437397.57341944, 511975.4630899804 7437434.042915333)	3487	Fault or shear zone
LINESTRING (554983.23241569 7433229.34048395, 554621.46912721 7433297.85046636, 553919.89039748 7433510.36042244, 553717.879226 7433595.36054229, 553184.78198698 7433872.35906154, 552720.8990036 7434152.87122442, 552523.66128902 7434329.87171913, 552275.6888236901 7434551.87029576, 552137.12984116 7434676.35870163, 551951.77238865 7434815.34168879, 551739.0193405 7434974.86016924, 551564.6485128599 7435101.858559, 551299.9282584901 7435292.36106416, 551102.94006002 7435434.36052143, 550539.57890292 7435816.85813851, 549635.96093104 7436252.86254491, 549231.64100707 7436471.36234765, 548966.3108846199 7436614.36919219, 548275.3800385901 7436773.88070352, 547680.1016559399 7436869.37859706, 547445.55060349 7436950.07121102, 547339.98106787 7436986.38881145, 546245.22606685 7437147.01606545, 545819.88993694 7437209.40057795, 544937.59094948 7437188.41174596, 544597.45089798 7437294.40030542, 544108.47863981 7437517.88927846, 544077.79893068 7437522.66785771, 543630.04941035 7437592.40035577, 542586.82665449 7437642.4138629, 542524.53061737 7437645.39810147, 542078.07153176 7437719.90061995, 541578.24843557 7437691.59682606, 541530.61152957 7437688.89835816, 541100.10137884 7437698.40042222, 540302.2995152801 7437698.40097155, 540181.65939744 7437698.40099309, 540068.97766218 7437698.400012, 539822.14994545 7437649.8997898, 539251.45637357 7437470.88842869, 538586.97992334 7437411.38976172, 538220.74843718 7437394.39992758, 537777.8609640501 7437343.40012959, 537300.84837681 7437215.3868808, 536857.89081926 7437113.39043502, 536285.9183745401 7437051.40162196)	3489	Fault or shear zone
LINESTRING (622951.64915102 7466709.30135386, 621031.3389645501 7466796.54082867, 619498.9385584299 7466874.72964589, 619142.07067665 7466911.78155048, 618513.6456193 7466977.17155523, 618011.41989157 7467029.41077609, 617343.41943945 7466975.90786332, 616637.20003465 7466896.90081272, 615866.88800446 7466722.88361037, 615096.34114597 7466504.36784002, 614883.88962228 7466429.85889845, 614719.14035454 7466391.86065488, 614531.53937955 7466370.86000091, 614341.48021474 7466370.85977212, 614088.0414623 7466397.85959181, 613839.58930872 7466453.86072402, 613679.39925239 7466507.35819626)	3494	Fault or shear zone
LINESTRING (572597.93976109 7483491.22459058, 572594.33087022 7483493.52432882, 573725.56877692 7481610.53116273, 573837.27178336 7481424.53259483, 574108.32739411 7480927.01943222)	3495	Fault or shear zone
LINESTRING (534630.34441964 7483865.05492077, 534090.6055168899 7484046.06116299, 533742.16394765 7484321.56376239, 533388.35278607 7484794.56788143, 533015.99345145 7485395.0575, 532580.79170147 7486055.071734, 531873.55461718 7487027.04515378, 531550.80242083 7487522.53403198, 530508.60395946 7489023.52602026, 530193.10023506 7489541.03822615, 529932.98886084 7489804.02599761, 528977.92851386 7490769.53031005, 528182.8695145299 7492066.02967569, 527790.80764607 7492539.02315779, 527475.04337437 7492999.02684152, 527088.25041356 7493236.51080705, 526531.36511284 7493812.51387744, 526241.48968922 7494361.51259949, 526035.07836964 7495088.00375303, 525796.65808711 7495764.01378774, 525855.19764379 7496044.01467372, 525794.77713101 7496712.51283815, 525856.83559773 7497705.0160571, 525757.7510356701 7498272.01408908, 525089.15708681 7499446.52318718, 524596.2758800799 7500098.51540907, 524512.80164159 7500182.00755984, 524248.58790062 7500447.0197916, 523887.39582506 7500808.99943623, 523814.80919092 7500861.50106209, 523576.8901202 7501033.50114164, 523090.59194631 7501408.48978086, 522521.98180311 7501847.49948718, 522422.25158683 7501924.49156487, 522189.26567998 7502103.99834995)	3496	Fault or shear zone
LINESTRING (539513.18738029 7491597.13566214, 539039.42032853 7492274.12993127, 538799.87040783 7492714.61990853, 537896.95236326 7494062.60501342, 536855.6906764701 7495537.21949823, 536570.44569593 7495941.11459244, 534479.0962729499 7498804.10098736, 534340.19805361 7498999.59891721, 534210.08037376 7499182.60107616, 533285.1919484599 7500484.10048948, 533038.92839015 7500854.6003846, 532980.30230737 7500984.59894823, 532914.74969844 7501129.60123437, 532869.00517466 7501231.109522, 532622.25910074 7501487.10041895, 532540.00999317 7501632.11100112, 532401.50813829 7501876.60077593, 532130.46012056 7502165.59858725, 531813.06703894 7502503.61203035, 531205.5805996699 7503124.10487552, 531092.21003941 7503242.11012067, 530852.9701849601 7503491.10155774, 530456.14134542 7503904.60914794, 530330.9386297 7504034.60013126, 530175.96563729 7504196.10320143)	3498	Fault or shear zone
LINESTRING (590913.4907172601 7453617.09944703, 591815.29062991 7454502.63878757, 592571.28973044 7455288.66043696, 593097.33845477 7455632.65917814, 593502.85766884 7455898.17966807)	4226	Fault or shear zone
LINESTRING (594603.20004467 7454845.19811852, 594115.0194757601 7454519.18107565, 592314.40955924 7453317.12911129)	4717	Fault or shear zone
LINESTRING (531561.20931701 7461719.40915562, 530554.87993628 7461393.94144427, 529930.1291255601 7461072.94881185)	4721	Fault or shear zone
LINESTRING (530691.67782143 7466064.85168157, 533227.72113686 7465777.29916842, 535503.33946214 7465554.76825956, 538540.5951534 7465381.92093453)	5001	Fault or shear zone
LINESTRING (614069.53089092 7477877.17065897, 607787.61865696 7476842.47185192, 606698.29090465 7476689.98226057, 605134.70077623 7476462.98148375, 603951.05093101 7476474.99019451)	5249	Fault or shear zone
LINESTRING (524688.38433156 7488743.49794404, 521224.2899599 7489118.45021574)	5252	Fault or shear zone
LINESTRING (620073.1814629 7481879.43006132, 621570.47909342 7482469.45904331, 623501.14733568 7483248.48823135)	5276	Fault or shear zone
LINESTRING (511975.4630899804 7495149.881761031, 512737.06192022 7495007.37438277, 512907.59194833 7494944.37020887, 512998.05985714 7494910.87013504, 513435.36846879 7494748.87091778, 514050.67839981 7494421.37898175, 514544.88909549 7494042.89041199, 514879.8945148 7493614.88393067, 515176.42076372 7493122.88345378, 515479.45853856 7492650.39436877, 515821.36177562 7492330.39645184, 516087.54343814 7492144.39823106, 516385.87489356 7492021.90023923)	5298	Fault or shear zone
LINESTRING (588409.2681252999 7426557.57795237, 589049.5459102601 7425800.54377602, 589848.50443078 7425163.02206682, 590729.7902935999 7424575.49019844, 591731.42050802 7424043.97036069, 592921.96908742 7423390.95729076, 593815.81046722 7422790.48000244, 594960.12266902 7421764.4894639, 595368.34996219 7421319.4925009, 595452.3948356868 7421210.058449306)	5445	Fault or shear zone
LINESTRING (575764.21402556 7428998.47744742, 576198.78646636 7428786.97956369, 577233.45448765 7428334.97546901, 577240.44916736 7428307.46843436, 577587.70361098 7428146.46750681, 577862.59470685 7427959.47306714, 578058.6340165799 7427791.97049935, 578234.96453863 7427604.97481983, 578384.82416707 7427398.96319044, 578535.49765307 7427110.96228336, 578715.6759404599 7426742.95103885, 578877.4885206 7426487.4487334, 578940.58810162 7426387.94789458, 579378.92646667 7425768.44382814, 579595.0841165 7425405.92825794, 579769.56772562 7425069.92048506, 579815.0099153999 7424982.42163562, 579982.96594677 7424659.41337959, 580252.01989533 7424179.40125985, 580270.94019528 7424145.40849303, 580327.43125562 7424044.91527674, 580363.48990551 7423973.3989529, 580396.7403275199 7423907.41111149, 580589.34468604 7423525.39022162, 580717.74821376 7423313.3785883, 580862.11453422 7423124.87444162, 581135.60644259 7422849.38819594)	5446	Fault or shear zone
LINESTRING (514691.37116261 7471004.07124259, 513444.63038831 7471359.02179719)	5463	Fault or shear zone
LINESTRING (537479.4876275799 7491875.60528065, 538108.98072828 7491621.57060761, 538653.38274803 7491340.63658242, 539288.18423336 7491102.13606976, 540207.94557526 7490606.63562511, 540639.12139547 7490337.12815995, 540907.50263285 7490065.84033311, 540987.83044232 7489984.63975446, 541044.12911024 7489927.63917136, 541239.63983072 7489576.64160983)	5475	Fault or shear zone
LINESTRING (591731.42050802 7424043.97036069, 592642.24870141 7423057.42931544, 592901.11740295 7422685.72846172, 593928.663769558 7421210.058449306)	5960	Fault or shear zone
LINESTRING (574470.17798524 7430017.48541002, 574765.1997875 7429724.9825169, 575080.57286397 7429453.49132972, 575415.14351323 7429207.48002592, 575764.21402556 7428998.47744742, 576692.02212557 7428086.46421736, 577432.62019263 7427001.95026658, 578040.99180479 7426076.43700185, 578074.79952686 7426021.44230113, 578141.96990214 7425912.9305667, 578808.00385405 7424832.9131198, 578971.36898531 7424527.90989874, 579056.6404068 7424368.91014035, 579204.74787115 7424092.40649943, 579917.1821328 7423207.37980875, 579961.25007356 7423152.39045168, 580048.35926324 7423044.37914913, 580077.60942807 7423007.88038718, 580580.15904284 7422187.88992685, 580795.52041988 7421945.38149103)	5968	Fault or shear zone
LINESTRING (555094.6389071801 7432915.84207885, 555620.60192793 7432510.82105454, 556077.71995781 7432351.31029638, 556534.8210106801 7432234.79222177, 557023.7320482699 7432021.7699096, 557480.78755621 7431766.76130313, 557927.24649532 7431479.73817344, 558278.04207134 7431299.22814383, 558425.8503189801 7431214.73145615)	5969	Fault or shear zone
LINESTRING (547917.22212296 7486949.72888485, 547606.73429753 7487180.71529398, 547106.48671379 7487628.70676468, 546828.40016786 7488005.70739508, 546500.34189625 7488548.70907663, 546373.3495259701 7488770.70189235, 546153.45162875 7489155.20351203, 545893.98244059 7489525.86523723)	5991	Fault or shear zone
LINESTRING (546577.26028642 7487345.218131, 546330.89916801 7487696.71611354, 545786.33648171 7488183.69574817, 545121.01555681 7488689.69202183, 544468.14585069 7489139.17979174, 543986.25772977 7489440.68256884, 543574.24616962 7489729.16950817, 543213.11273092 7490017.65350314, 543048.60760173 7490190.6702777, 542727.29424758 7490582.4116606, 542565.71418112 7490765.15239289, 542391.50118632 7491085.14929234, 542259.7901782501 7491461.14896476, 542203.4287172999 7491646.14739406, 542059.95467557 7492226.13697903, 541941.92443907 7492825.14518688, 541963.19163038 7493283.13978594)	5993	Fault or shear zone
LINESTRING (529446.15654198 7499851.69059059, 529080.29154628 7500220.56001858, 528861.28210911 7500456.37665686, 528593.15904813 7500745.0615622, 528419.5086110201 7500966.56095005, 528302.37962347 7501116.06109037, 528055.80054875 7501423.05933658, 527895.38041329 7501600.55062368, 527190.8102288001 7502380.04191009, 527002.75123602 7502588.05130071, 526806.65661071 7502805.05577927)	6000	Fault or shear zone
LINESTRING (562160.1606089399 7458535.7953571, 562413.24052068 7458254.34910926, 562540.0754795 7458067.05103824, 562577.428666 7458011.89025152, 562748.0310176 7457794.42802056, 562839.1790705801 7457628.43931729, 563031.78963305 7457277.48967721, 563498.7139686201 7456346.07887835, 563636.57388472 7456071.04713616)	6374	Fault or shear zone
LINESTRING (564501.99191204 7432596.79938184, 564032.89241791 7433472.7803059, 563701.85803721 7434189.27902878, 563446.28805112 7434836.27211773, 563296.37074229 7435165.76963285, 563110.8085615101 7435637.7527352)	6507	Fault or shear zone
LINESTRING (567071.3588358701 7435403.87797295, 567602.5604788699 7435098.39075386, 568069.37036453 7434663.40078518, 568665.00956491 7433858.92083684, 568941.9611652601 7433641.43123327, 569133.71126647 7433506.43135983, 569467.2692652 7433271.43901664, 570105.85187156 7432821.45122496, 570872.9097333699 7432159.97022652, 571668.92224287 7431316.25115357, 571754.54091586 7431225.49264283, 571880.96815641 7431098.99111247, 572592.18933473 7430387.99881475, 572939.4205793201 7429979.48065283, 573245.8913023199 7429618.97914283, 573491.5194649301 7429329.98255435, 574013.93913136 7428833.98120625, 575439.86730249 7427478.95069539, 575607.57027413 7427319.43979082, 576612.6014897 7426420.42903452, 577417.10859772 7425637.9303486, 577564.8483551 7425494.43079898, 577927.77052582 7424943.41942094, 578279.0106961899 7424409.89856198, 579204.75187918 7423272.37206161, 580107.16946596 7422060.88023044, 580137.25116173 7422048.28131789, 580594.34843104 7421541.86927394, 580895.9640714185 7421210.058449306)	6508	Fault or shear zone
LINESTRING (564063.87911676 7481649.37500379, 565654.8115214501 7480533.39006547, 566878.18018467 7479705.92004934, 567512.62135189 7479390.42962133, 567842.1423099 7479146.93673595, 568367.6804218 7478666.43183189, 568670.32310107 7478123.94155414, 569224.80147594 7477032.44750082, 570002.34180769 7476048.45008721, 570501.72977241 7475408.94939852, 571108.27085228 7474584.94836781, 572165.4689043 7473560.46952544, 572538.67896406 7473232.45022239, 573022.20825741 7472891.44968324, 573494.78083741 7472616.94022846, 573868.38830812 7472353.94052541, 574472.83942227 7471924.43141835)	6519	Fault or shear zone
LINESTRING (549030.0606131901 7455131.34175971, 548463.92007945 7456261.80447022, 547852.611444 7457416.84044626, 547694.48087817 7457595.85955091, 547397.07050308 7457887.96885874)	7097	Fault or shear zone
LINESTRING (517946.07183157 7488467.89860577, 519045.7715252 7487029.9059683, 519197.2705782 7486806.42248787, 520303.71612472 7485450.93468321, 521784.48057864 7483902.93974874, 522018.43933063 7483621.42923093, 522322.30888126 7483333.43952939)	7099	Fault or shear zone
LINESTRING (587472.7745678 7426272.54254093, 588532.62222952 7424810.98515077, 589167.85921713 7424281.96612774, 589783.87373143 7423714.94625988, 590236.09678079 7423218.91282396, 590631.40476342 7422716.40298926, 591245.43075361 7421757.39817085, 591609.3777554288 7421210.058449306)	7105	Fault or shear zone
LINESTRING (521141.66437801 7486458.43502879, 520294.17369376 7487449.93496033, 520117.36157791 7487711.42727873, 519978.90911739 7488011.42803343, 519682.38895893 7488515.92772353)	7222	Fault or shear zone
LINESTRING (611354.5587085172 7421210.058449306, 611481.33719764 7421294.03101336, 612534.6686831299 7421992.03818499, 612731.51894798 7422136.04946341, 613034.84688615 7422357.53350209)	7561	Fault or shear zone
LINESTRING (606624.5133382099 7430619.89671044, 604890.68009203 7430157.97675322, 603156.83397515 7429869.04009773, 602303.91674432 7429685.32398977, 601404.51640181 7429491.53801821, 599741.45315099 7428857.48398611, 598669.13209748 7428405.94126972, 598520.79918131 7428343.4391383, 598209.0898032699 7428211.9215214, 598181.55797718 7428204.54752094, 597546.3488693 7428034.39987217, 597024.9482146 7427897.88999246, 595604.36807 7427526.30033135, 594794.3576878899 7427314.76455475)	7580	Fault or shear zone
LINESTRING (597435.90062499 7469126.80152543, 597038.85062346 7468549.7997926, 596742.13234678 7467685.78671549, 596558.41785979 7466490.29129546, 596290.41827952 7465679.99994548, 596190.63046217 7465378.27156165, 595945.68904926 7464686.26117046, 595758.82173391 7464177.75854522, 595482.38855606 7463549.2685558, 595027.83331672 7462915.24827277)	7805	Fault or shear zone
LINESTRING (615676.82778589 7456196.79664301, 616404.81123499 7456348.77157616, 616835.37950791 7456438.26065618, 617652.56893991 7456679.24060676, 617809.76098365 7456725.73763448, 618777.87025605 7457038.72946189, 619452.75973827 7457200.71752101, 620368.99050822 7457303.72043445, 620884.63152341 7457342.2099874, 621055.9996742801 7457344.70937164, 621539.31961935 7457342.199038, 622327.48845532 7457261.19180211, 623166.48886365 7457167.67226992, 624214.92138311 7456990.13822183, 624615.12961418 7456886.12140477, 625899.45862347 7456828.06797251, 626245.23156938 7456812.06252112, 626675.06676538 7456791.38147219, 626744.27130524 7456788.05067779, 627543.79025251 7456740.00075521, 628014.23986453 7456700.49091313, 628349.37786724 7456671.97689348, 628887.2556413501 7456582.46021086, 629679.10004019 7456396.44032713, 630006.6076118801 7456319.43056926, 630191.8624638401 7456275.92122984, 631704.9019367601 7456341.39605205, 632494.5840275 7456271.22139622, 633477.86974117 7456363.8608086, 634182.25011674 7456234.84048758, 635217.5574011001 7456045.85074885, 637069.13971805 7455804.80972477, 637339.09904275 7455769.80079589, 637956.26899913 7455652.29902888, 638675.71757775 7455515.30123953, 639574.69204359 7455413.28280878, 639800.14915417 7455387.77874168, 641157.9546995 7455218.25762896)	8174	Fault or shear zone
LINESTRING (642173.25070332 7424982.11506412, 642560.2731261 7424633.44066326, 642712.69114156 7424474.34133868, 642927.48100859 7424250.72046416, 643235.05045745 7423930.02059031, 643374.05946193 7423784.96104581, 643488.93999869 7423665.44100681, 643940.20190379 7423123.8781349, 644249.0178573499 7422758.82966274, 644270.745067956 7422726.620286751)	8385	Fault or shear zone
LINESTRING (634572.83638027 7449943.20027677, 633981.66662438 7450075.65629894, 633258.1168534399 7450190.12329185, 633007.4195028 7450210.62799379, 632439.14789413 7450256.65067793, 631424.56878562 7450333.15967265, 631081.88306168 7450359.19072249, 629827.14127404 7450393.71869193, 629567.34082213 7450402.72994107, 628470.21968873 7450565.25944582, 627462.61082847 7450852.83174557, 627097.9809389299 7450946.85925024, 626373.9399052 7451133.89918424, 626242.01098731 7451167.92039114, 625130.93857783 7451538.01059614, 623728.79958232 7451855.58997239, 623555.44847554 7451883.09831856, 622977.92870785 7451975.13136076, 622767.59189672 7452008.64181964, 622564.83918825 7452041.15158061, 621485.17070201 7452063.65908466, 621285.17133308 7452067.16900213, 620191.56833894 7451985.67858044, 619866.62032296 7451961.68903534, 619527.5620848699 7452027.19938993, 619327.50879431 7452065.6974288, 619178.54798242 7452092.58648777, 618438.11218182 7452226.21956317, 618323.50176406 7452222.71766745, 618070.40122058 7452214.731546, 617782.55647621 7452205.74722887, 617653.89898143 7452201.72981049, 617591.6548385 7452199.72571783, 616877.3936679401 7452094.19745912, 616513.85912245 7452009.18970037, 616167.23923418 7451928.17128049, 616083.74895569 7451908.6734609, 615854.8215607899 7451852.66112671, 615484.73915921 7451762.6393081, 614999.18021824 7451644.12744904, 614670.61822355 7451559.60152025, 614122.36891782 7451418.57921426, 614073.2843055 7451406.07435117, 613609.05095322 7451310.55940358, 613173.90070543 7451221.02964958, 612221.53805095 7451131.06032639, 610940.78021255 7451104.1697134, 610744.7213774601 7451119.17832216, 609712.70949164 7451198.75975331, 609553.4093427201 7451213.1779729, 609170.80919124 7451247.80011485, 608251.1300033201 7451335.88159126, 608040.39141199 7451355.89906485, 607755.82307979 7451383.91071418, 607256.428419 7451435.90966397, 606617.73131687 7451500.4016994, 605807.12081747 7451578.88044234, 604746.21959206 7450878.86166801, 603985.8709781501 7450487.84105906, 603464.51191633 7450292.33911527, 602769.33101575 7449988.32115665, 602442.03627728 7449814.33783337, 602074.19850036 7449618.78956366, 600944.50856108 7449053.76214351, 599966.96958227 7448706.22032408, 598489.68894582 7448532.6895414, 597599.0315662801 7448337.17894028, 596903.8502962 7448011.14979934)	8390	Fault or shear zone
LINESTRING (561160.31452454 7445748.28163765, 560973.7087553 7446299.77914903, 560794.87076493 7447129.26796314, 560165.69129318 7448803.29219394, 559692.7392984499 7450153.28019537, 559434.8629111 7451003.78758172, 559138.89553028 7451571.31549366)	8749	Fault or shear zone
LINESTRING (520297.18470152 7456162.01143052, 521464.81222684 7454762.93796278, 521873.51033726 7454412.41978823, 522178.80948394 7454094.40157531, 522941.78054269 7453336.35079579, 523713.79035811 7452395.27859058, 524191.46985882 7451930.23989755, 525558.23862163 7449973.10974516, 526530.94036117 7448752.61939625, 526969.8491854999 7448130.10337613)	8752	Fault or shear zone
LINESTRING (574909.52184889 7444968.56258885, 575307.62781165 7444978.56876092, 575736.8207084601 7444912.59166597, 576091.62586693 7444869.65515896, 576620.70785663 7444805.61263856, 576803.78136889 7444773.11239454, 577140.08824268 7444816.61815213, 577499.16801855 7444863.12010743, 577828.16122904 7444956.13322714, 578252.46104037 7445149.13994029, 578784.10624734 7445329.15104453, 579898.92113354 7445878.17864483, 581399.01918083 7446418.73878769, 582936.89206193 7446927.27827802, 584320.52922439 7446956.31942033, 585654.0656090101 7447061.37551848)	8909	Fault or shear zone
LINESTRING (532897.37861235 7448445.23996158, 534692.88943527 7447516.12007843)	9170	Fault or shear zone
LINESTRING (577354.45214856 7434270.54516801, 577967.9906170201 7433223.0359454, 578243.71112153 7432728.03957039, 578363.9490216899 7432512.04134268, 578512.37145906 7432245.54170686, 579095.09078363 7431343.53522155, 579733.633807 7430566.065831, 579716.32944105 7430555.52964753, 580212.45520255 7430014.5369411, 580651.85446878 7429467.52874668)	9173	Fault or shear zone
LINESTRING (560907.90405874 7438647.24591142, 561416.37984803 7438043.23754024, 561906.74894094 7437591.24030275, 562812.4728312 7436533.29735112)	9217	Fault or shear zone
LINESTRING (570356.17645282 7440501.98066249, 571594.54115422 7441708.01226475, 572141.21975452 7442349.51983361, 572643.04945649 7442865.02916935, 573144.62726286 7443342.03301828)	9218	Fault or shear zone
LINESTRING (574330.62847643 7446598.05797233, 575624.06177109 7446279.57849127, 575740.01755752 7446234.23487916, 575883.60168026 7446178.0858434, 576084.29997203 7446099.59894976, 577149.58461603 7445643.63506197)	9400	Fault or shear zone
LINESTRING (543397.63912555 7447370.43259608, 541827.2808474 7447880.43077138, 539733.8483719199 7448621.49884098, 538593.9145674 7449132.53974264, 538033.13885077 7449383.89471148, 536840.99090916 7449918.14952738, 535958.73024673 7450409.92390859, 533912.10872563 7451550.38907003, 532230.43929447 7452509.99932351, 531142.25264163 7453403.03246993, 530323.4214982199 7453863.52648709, 529611.91475118 7454304.4728087, 528894.30489405 7454789.96749414, 528511.35470399 7455241.4466538, 528223.24043142 7455711.44935378, 527915.36059929 7456023.44247946, 527452.28240723 7456769.95917602)	9401	Fault or shear zone
LINESTRING (633612.47343907 7421312.10662963, 633924.8248840467 7421210.058449306)	10703	Fault or shear zone
LINESTRING (521416.13576964 7482669.93442657, 521112.01975077 7482919.9202763, 520941.17862752 7483098.93134079, 519643.77940677 7484410.92145333, 519428.37901419 7484590.40797662, 518845.53649929 7485045.40687333, 517828.8937892 7485749.40160572, 517634.90008478 7485898.40060792, 517463.63754301 7486001.39047198, 516284.11357896 7486694.87455682, 515420.99142353 7487049.87691086, 514265.38990957 7487431.35479735, 513662.48491303 7487701.8677979)	10762	Fault or shear zone
LINESTRING (606204.5415252402 7421210.058449306, 606686.45782167 7421627.56943551, 607259.91001385 7422124.08253568, 607398.81067562 7422244.59024652, 608267.1206982899 7422996.59903652, 608588.45194489 7423275.10953764, 609461.67078192 7424031.60836758, 610669.43094306 7425077.59915954)	11396	Fault or shear zone
LINESTRING (568366.68269848 7438218.91958359, 568639.91798306 7438520.93103972, 569033.46531178 7438874.25270251, 569534.97128155 7439324.45921992, 570162.9332980399 7439884.67291533, 570569.6657063999 7440247.48845238)	11415	Fault or shear zone
LINESTRING (516433.99040785 7462126.608641, 517299.60165872 7462274.60932294, 518526.27127173 7462128.10787646, 519504.42948246 7461874.11187398, 520066.8862595 7461599.71037218, 520335.61016796 7461468.59905079, 520773.03768044 7461186.58956681)	11429	Fault or shear zone
LINESTRING (573949.26786829 7488525.01030281, 574000.8396741099 7488599.0110308, 574074.38940178 7488677.4994833, 574185.7019603699 7488770.51250194, 574747.2104384101 7489147.51882851, 574879.33674754 7489218.51870415, 575198.33064483 7489359.02827113, 575228.8071546 7489378.5592281, 575266.20980164 7489402.5285175, 575294.70914437 7489430.52793929, 575329.64083475 7489486.02169438, 575347.51160612 7489549.52901804, 575348.7115671301 7489589.53175001, 575334.33913457 7489668.03168535, 575291.57994959 7489776.53024478, 575232.31883911 7489877.52912369, 575136.68955248 7490004.02961432, 575026.9372477999 7490125.52045331, 574909.07177159 7490235.01957715, 574756.26211648 7490353.02184526, 574559.39214413 7490482.50848895, 573769.53096474 7490932.49967722, 573526.7213834201 7491078.00085347, 573469.81251879 7491104.76964831, 572710.53171146 7491843.50403879, 572095.85234038 7492298.98859906, 570725.46010134 7492980.96573701, 570256.52533823 7493320.95353764, 569458.2892469401 7493961.43577135, 568640.72047926 7494538.90239852, 568228.63872044 7494814.88763706, 567841.5891146 7495001.38743269, 567530.59386207 7495130.36177008, 567206.8369421 7495246.8633178, 566597.26285684 7495447.3417881)	11442	Fault or shear zone
LINESTRING (523814.80919092 7500861.50106209, 524403.0688352101 7500914.50825195, 525518.20125753 7500983.10386043, 526591.38175092 7501049.0416828, 528009.38002393 7501104.55890638, 528302.37962347 7501116.06109037)	11445	Fault or shear zone
LINESTRING (573902.5729600301 7421712.87258904, 574285.46080666 7421305.87107817, 574386.4112837848 7421210.058449306)	12584	Fault or shear zone
LINESTRING (558670.18007639 7432476.25083382, 558803.24095369 7432338.75992124, 559020.2284548701 7432114.2424131, 559362.04021942 7431711.2279229, 559826.0122962201 7431381.70907978, 560228.79866419 7431113.20086038, 560472.98955025 7431027.70015989, 560557.12065181 7430975.188926)	12591	Fault or shear zone
LINESTRING (553184.78198698 7433872.35906154, 553648.72286069 7433591.37052992, 554234.62923374 7433164.35229624, 554576.53493229 7432785.83814983, 555015.94452542 7432333.81859202, 555121.92973075 7432198.82050652, 555149.74348823 7432162.31978279, 555203.08912999 7432092.31209193, 555318.55718707 7431931.49432262)	12593	Fault or shear zone
LINESTRING (549306.39866409 7437538.86091812, 550027.35055016 7436654.35027318, 550486.35986374 7436093.35855129, 551102.94006002 7435434.36052143)	12595	Fault or shear zone
LINESTRING (571637.33521799 7439058.0240674, 572079.07932826 7438972.5193431, 572786.34053978 7438779.95496247, 573006.41060184 7438720.0291263, 573156.26478836 7438702.32832363, 573404.1495327899 7438673.04469375)	12598	Fault or shear zone
LINESTRING (563343.28677357 7451425.29766984, 564252.2696725701 7450918.81981563, 565096.07615231 7450549.33396012, 565781.71897744 7450232.82985741, 566537.66290011 7449916.8272636, 567311.25003116 7449529.85342834, 567873.85153018 7449230.86576774, 568612.2101162 7448967.39347177, 569335.82701873 7448857.48185542)	12605	Fault or shear zone
LINESTRING (557512.47779865 7455967.48422262, 559082.504337 7455393.97075699, 560817.57940801 7454965.46170124, 561106.44423423 7454898.21020914, 561388.5787566199 7454832.5197469, 562047.95879831 7454678.97060943, 562511.25605073 7454663.15689929, 562970.10825946 7454647.48069125, 564409.73861866 7454505.50364852, 566146.87962266 7454475.01791421, 567821.168921 7454495.55141685, 570264.74424755 7454220.06554856, 571912.66058676 7454026.06414761, 572859.51634083 7453880.59211189, 575198.7747336701 7454225.70734074, 576528.21910161 7454282.26548003, 577776.913876 7454335.28082579, 580460.77456675 7454121.84439769, 582236.50796164 7454230.40940452, 582824.6906534201 7454352.92837033, 583485.30862603 7454469.4406708, 584171.06971822 7454487.4701203, 584575.9378976499 7454496.48136923, 584682.79909351 7454498.97944803, 585611.10007546 7454429.49915267, 586457.25933694 7454348.01004881, 588396.15109746 7454246.06103373, 588509.8111630999 7454240.06049282, 589299.05880928 7454159.07006079, 590862.97930932 7453634.10165636, 590913.4907172601 7453617.09944703, 591958.8802734599 7453375.61934248, 592314.40955924 7453317.12911129, 593696.85001073 7452867.65808366, 594440.49961349 7452653.67113188, 595648.70680254 7452306.19257338, 598274.34703488 7451795.23475536, 600845.32392376 7451343.78513389)	12611	Fault or shear zone
LINESTRING (511975.4630899804 7461024.768369924, 512277.42956529 7460605.03922832, 512360.75946304 7460424.52784064, 513274.99075516 7459801.53076318, 513435.84542224 7459733.03323468, 514214.27760268 7459401.53151935, 514791.28148709 7459048.53106031, 515266.37991023 7458657.53174277, 515582.81907793 7458337.53144516, 516400.49952735 7457779.51960127, 517092.7557963 7457585.00838037)	12618	Fault or shear zone
LINESTRING (567042.22500496 7475427.86371514, 567923.10956276 7474767.36844167, 568461.5477313 7474331.88266642, 569905.1799108899 7472999.90036675, 571177.9316893599 7471840.92028696, 571430.6501413099 7471508.92028854, 571789.08931096 7471126.92201423, 572065.57916188 7470945.41974082, 572164.46882037 7470880.42007838)	12627	Fault or shear zone
LINESTRING (585775.61235223 7483109.94962771, 586836.31217237 7482057.77756474, 587794.70988231 7481106.89070033)	12630	Fault or shear zone
LINESTRING (561902.1672820901 7495667.56119192, 562799.85115129 7495453.44957627, 563778.05038205 7495379.13181237, 564668.28240642 7495390.17654588, 565505.9661175699 7495196.11402049, 566244.77760804 7494876.34051816, 566385.07789954 7494840.9257763, 567197.69597237 7494204.83700253, 568041.43235227 7493252.28618605, 568785.969816 7492019.02928178, 569626.27693119 7490363.58449989, 569783.54217295 7489936.88039555, 571153.8506062099 7486217.3684713, 571353.19026803 7485676.11480959)	12642	Fault or shear zone
LINESTRING (570368.81238706 7496845.96090111, 570960.22915188 7496515.96939354, 571485.06907742 7496222.97773292, 572442.32856957 7495594.02142953, 573127.25001337 7495195.52976082, 574282.960749 7494845.53104698, 575857.3279681701 7494277.0382595, 577158.20150054 7493690.53982074, 577939.02232715 7493387.05517406, 578928.397768 7492822.05550034, 579396.99379343 7492418.05813915, 579998.53160966 7491861.57121131, 580706.56990019 7490985.55874273, 581117.30085266 7490423.05893215, 582666.48125971 7488569.04953014, 583470.17858886 7487731.04032788, 584515.21938283 7486859.51759119, 584634.2871632 7486483.50852012, 585088.58754137 7485742.50252929, 585443.03300712 7485383.98270819, 586001.21832681 7485081.98382786, 586547.8474747 7485021.97982307, 587772.79789742 7484870.57096876, 589004.04918962 7484831.80815312)	12644	Fault or shear zone
LINESTRING (528055.80054875 7501423.05933658, 529283.51012455 7501486.06090314, 529735.54628834 7501486.24418653, 530418.70911618 7501486.4958822, 531172.41077884 7501486.73834442, 532463.8035782099 7501487.06753388, 532622.25910074 7501487.10041895)	12646	Fault or shear zone
LINESTRING (520343.17884566 7501712.97896174, 521600.978795 7500716.47986228, 522066.44076737 7500347.99055952, 522262.58927234 7500072.48211218, 523291.23883935 7498627.49077638, 523430.9410852 7498430.97971338, 524119.3216712 7497642.51516716, 524494.0876216301 7496605.00666576, 524724.62548089 7495307.98749757, 525272.35781248 7494039.49961675, 525704.70504445 7493463.00413042, 526223.55235006 7492598.51350424, 526718.5994980501 7491736.49932416, 527174.81999884 7490782.51162547, 527680.86720332 7490012.50910418, 528289.45943397 7489080.52081917, 528731.3410245 7488476.02152234, 528891.78911586 7488198.02104718, 529097.5478161999 7487841.02214759, 529422.97116457 7487328.51025387, 529486.57355708 7487228.24070015, 529610.7180335 7487032.52178932, 529682.6185648 7486919.51543206, 530172.61399777 7486401.02906034, 530691.43430111 7485795.52823793)	12647	Fault or shear zone
LINESTRING (548836.0704010499 7509272.83168071, 548901.39199359 7509041.56628439, 548978.5008560501 7508211.38333105, 548948.53390282 7507152.60603048, 548779.6855026 7504205.42359491, 548696.4036478 7503089.56673039, 548667.18383825 7502259.71665453, 548771.4828855901 7501629.77815787, 549125.6591833601 7501291.06209152, 549221.86553991 7501199.0512453, 550309.2222200501 7500537.29586449, 551263.6320669299 7499875.89151242, 551387.97248765 7499780.9937221, 551979.20552504 7499329.72864007, 552615.4234901801 7498898.28016168, 552794.04956652 7498772.5523466)	12658	Fault or shear zone
LINESTRING (519312.0001890445 7509272.83168071, 520543.73483977 7509095.01279117, 521090.55123523 7509073.01052396)	12660	Fault or shear zone
LINESTRING (572653.8623058 7427372.45545551, 573535.0478534501 7426430.42413024, 574371.00869947 7425509.40908538, 574483.76956327 7425385.57452219, 574834.92477445 7424999.91436387, 574996.20627219 7424822.77540761, 575027.94892675 7424787.91105693, 575403.75915243 7424439.90681113, 576718.6003716399 7423024.86847207, 577670.33245742 7421931.37040277, 578204.0130047087 7421210.058449306)	14081	Fault or shear zone
LINESTRING (560582.8739608401 7432297.2208447, 560586.17835658 7432077.20946204, 560593.74838457 7431576.19833234, 560592.33823911 7431491.27648253, 560591.5483573501 7431443.71012072, 560587.76057055 7431391.21238473, 560565.37986409 7431087.21178626, 560557.12065181 7430975.188926, 560533.36966871 7430651.69935237, 560518.50896484 7430439.69928963, 560482.00968234 7429922.68975848, 560473.01635381 7429794.69375075, 560443.83127489 7429645.70245885, 560419.83181552 7429522.67861592, 560362.6957679 7429222.68011436)	14083	Fault or shear zone
LINESTRING (554564.3119985301 7434238.37747521, 554798.50231565 7433723.3605019, 554855.53146213 7433574.35201108, 554983.23241569 7433229.34048395, 555050.21733715 7433040.84639579, 555094.6389071801 7432915.84207885, 555333.40068178 7432187.30959997, 555469.52502273 7431872.32237397)	14085	Fault or shear zone
LINESTRING (511975.4630899804 7507594.169555455, 512313.49994493 7507522.90006894, 512770.79001159 7507399.40907883, 513462.9393362 7507185.91055259, 514147.99990666 7506812.92062652, 514376.33966949 7506684.4202721, 514710.9014938 7506357.4292695, 514855.39826789 7506149.94119145, 514948.98055504 7506013.92941611, 515178.57797709 7505680.4292726, 515243.85978289 7505523.4307279, 515694.68618334 7504430.43027069, 515738.88476599 7504353.4403226, 516394.71281388 7503210.94009311, 516559.52884586 7502992.44223246, 516863.05789255 7502589.94232609, 516965.38096195 7502458.64066976, 516985.40934179 7502432.9397205, 517381.03036753 7501996.4504586, 517439.45226521 7501894.93914092, 517626.97828778 7501568.43814849, 517873.43954899 7501235.94113834, 517978.50258812 7501117.44098539, 518524.9442624 7500500.44191141, 518815.13140255 7500008.94937101, 518839.30872175 7499930.93991049, 518912.27037857 7499695.46061321, 518959.73934571 7499542.45116102, 519006.42959692 7499391.45138507, 519103.09158567 7499079.93851591, 519142.37342451 7498952.95056238, 519198.90885568 7498812.44902131, 519252.20101763 7498679.95235482, 519335.66180724 7498472.43955491, 519782.08844692 7497413.44831201, 520002.38850294 7496934.94194691, 520209.10836453 7496271.9499226, 520631.03544852 7495403.9455309)	14378	Fault or shear zone
LINESTRING (522126.1762770793 7421210.058449306, 512715.58223162 7425917.81568263, 511975.4630899804 7426349.693513688)	14775	Fault or shear zone
LINESTRING (562587.2295467301 7444410.77630385, 565100.71964227 7446620.29960799, 566113.63198531 7447386.41828162, 566306.5970064 7447532.35128251, 566584.91065044 7447742.82132957, 567142.24130634 7447991.85411121, 567908.99870009 7448351.86431855, 568664.97505732 7448650.90021311, 569335.82701873 7448857.48185542, 569579.20701438 7448932.41936912, 570256.01883399 7449112.94984583)	15340	Fault or shear zone
LINESTRING (566113.63198531 7447386.41828162, 565416.17853554 7447737.82323889, 564691.1116029 7448008.30429138, 564072.89465322 7448182.79487694, 563593.23394227 7448261.80813264, 563195.04688899 7448226.7950036)	15389	Fault or shear zone
LINESTRING (606314.57358447 7426442.2973983, 605877.55092065 7425198.24855301, 605799.7106081099 7424976.74143228, 605442.76980107 7424400.22029505, 605284.8812372599 7424145.21989851, 605101.30971741 7423395.18995975, 605057.74012423 7423217.18040794, 604889.0595284801 7422528.15177112, 604815.70837693 7422381.13780098, 604231.8378739723 7421210.058449306)	15497	Fault or shear zone
LINESTRING (547445.55060349 7436950.07121102, 547333.9704084001 7436731.88739096, 546945.03959156 7436057.89521633, 546859.67137001 7435951.39943143, 546627.0514848999 7435661.39836806, 546537.36168495 7435515.89979504, 546416.89691891 7435320.40967403, 546190.28238613 7434960.74579942)	15504	Fault or shear zone
LINESTRING (546245.22606685 7437147.01606545, 545904.93003834 7436730.89307586, 545849.31003399 7436675.40023613, 545652.12975238 7436477.89897068, 545322.4713597 7436148.40877452, 544846.63121008 7435782.89789565, 544808.00184176 7435753.41017232, 544629.30068748 7435614.90058952)	15505	Fault or shear zone
LINESTRING (544246.67600447 7437698.39605399, 544077.79893068 7437522.66785771, 543991.52429783 7437432.89084099, 543958.15142569 7437394.89973562, 543772.18777195 7437184.90146339, 543747.0065013299 7437156.40626075, 543470.62044525 7436762.89546044, 543279.2719080501 7436443.90182456)	15506	Fault or shear zone
LINESTRING (542758.39518209 7437985.39738952, 542586.82665449 7437642.4138629, 542524.54103811 7437517.89411835, 542485.54939061 7437449.90069449, 542439.66996886 7437370.40117406, 542344.27807409 7437204.89815391, 542163.10504481 7436890.39336887, 542056.84426848 7436688.40742505)	15508	Fault or shear zone
LINESTRING (615099.72016137 7445944.07905146, 614539.98104893 7445591.53944153, 614354.66194931 7445516.50937123, 613872.31720771 7445321.84976816, 613108.19209286 7445013.43030756, 612178.73048805 7444812.48111429, 611556.7602985899 7444634.97198016, 611299.5619594801 7444561.55941114, 610919.91954587 7444426.08052396, 610244.50108547 7444184.64216815, 609088.99754442 7443607.20862038, 606602.21111517 7442652.72085914, 604693.1519696499 7442125.14872141, 603814.01192119 7441898.63178892, 602384.53319458 7441415.89362917, 601643.88055311 7441170.55767591, 601256.89899582 7441045.05043859, 601101.07881178 7440994.55010803, 600349.97199991 7440700.5201399, 599851.3608101 7440505.30551072, 599367.8687247901 7440315.98982109, 598538.8362062901 7440039.96938255, 597735.05965749 7439662.94837241, 597232.68912992 7439436.96048119, 596883.47506553 7439354.29074245, 596278.10020363 7439210.95849098, 595498.15862097 7439251.13891061, 594821.1696524899 7439285.98228027, 593740.78156383 7439435.80892437, 593649.2993121099 7439448.49175953, 593107.12031184 7439516.00108499, 592937.12016969 7439537.5218712, 592152.65044434 7439537.52126419, 591882.0518964001 7439537.50009758, 591503.9086851 7439510.43320431, 590827.00823735 7439461.95762095, 590000.77776954 7439367.78630237, 589721.22512689 7439335.91315001, 589268.92745658 7439284.33297957, 588931.14790231 7439245.80342707, 588737.1839027799 7439223.67500382, 587963.28845139 7439135.35913221, 587471.90476505 7438998.96970885, 587058.93996297 7438884.33193819, 586405.9004991 7438683.30052422, 586079.30203617 7438557.29851055, 585875.35005008 7438398.99013277, 585853.19056934 7438381.78946949, 585828.06961643 7438230.77863257, 585878.3317469 7437979.77960779, 586079.31845684 7437602.79158234, 586259.84136168 7437209.85724183, 586357.14176647 7436998.0589049, 586506.33978347 7436673.27876346, 586806.90036871 7436252.54327445, 587074.82334848 7435877.46905906, 587158.73540209 7435759.99267841, 587464.72438632 7435331.58970086, 587636.69895213 7435090.80074672, 587773.16227526 7434632.29072797, 587787.44072272 7434186.28936842, 587614.15917948 7433439.78036646, 587402.12969198 7433081.74991618, 587070.9600773 7432777.24170207, 586726.51914104 7432552.23875131, 586342.35045908 7432340.21853521, 586077.40661878 7432194.2090222, 585732.9632554899 7431982.18765827, 585547.54317553 7431810.18019866, 585362.05284264 7431571.67431229, 585110.35365027 7430935.66441257)	15510	Fault or shear zone
LINESTRING (595861.47994603 7473711.84675533, 594250.90483909 7473376.81210875, 592964.65655415 7473040.3150831, 592809.72040137 7473004.85430458, 592149.79035274 7472853.79253946, 591551.1685283399 7472684.7705995, 591219.86243486 7472553.28173569)	15530	Fault or shear zone
LINESTRING (595340.77997391 7475216.88087953, 595536.42014654 7474910.38052461, 595624.57910523 7474724.86887523, 595833.29066941 7474475.86045907, 596086.46808637 7474226.3481309, 596275.76176099 7473906.86029635, 596236.3020287401 7473633.34169236, 596063.64988073 7473424.33987667, 595744.7680108 7473247.82979411, 595388.05985319 7473122.32119209, 595031.6912969 7473067.32004362, 594687.73876967 7472954.31108208, 594438.61228467 7472726.79905739, 594328.74419024 7472550.30138696, 594252.80064806 7472428.29907258, 594282.8604581601 7472078.30055985, 594523.66936967 7471892.29983133, 594929.84060068 7471711.80208626, 595450.58862669 7471556.30939743, 596022.37780852 7471432.31193762, 596740.50991136 7471332.81192912, 597465.3580488201 7471297.31844576, 598113.9608533001 7471293.83059352, 598870.97077605 7471334.33148348, 599532.36023676 7471343.33817646, 600422.58881694 7471331.84079454, 601274.15844356 7471206.35113188, 602474.4520249401 7470849.86015519, 603306.20968515 7470577.86114449, 603953.79887454 7470338.87117206, 604537.6097016199 7470081.34750754, 605007.42982934 7469919.85879422, 605497.08940679 7469904.35213781, 605961.42066319 7469920.85106272, 606394.83372311 7469845.62496299, 606894.69042814 7469758.85011086, 607937.63111175 7469359.33711983, 608858.86189754 7468907.34024525, 610197.3891058 7468507.34953502, 611053.69947918 7468250.85001559)	15531	Fault or shear zone
LINESTRING (586547.8474747 7485021.97982307, 586153.10007416 7484921.9806735, 585700.33963722 7484676.4831152, 585401.02092719 7484575.99016791, 584688.10443121 7484439.99047877, 583994.65885152 7484379.98934844)	15540	Fault or shear zone
LINESTRING (524248.58790062 7500447.0197916, 523397.80014025 7500183.49101218, 522854.10153551 7500070.49063024, 522262.58927234 7500072.48211218)	15546	Fault or shear zone
LINESTRING (644072.1188324901 7462800.57854504, 642546.58925454 7462412.61435035, 640210.36446482 7462303.19305275, 638834.04077051 7462283.73890033, 637865.53353367 7462435.99777734, 637599.82212252 7462477.75867635, 637543.71192546 7462465.71962971, 636890.20006483 7462568.75830838, 636765.70059224 7462596.26932788, 636105.35759086 7462755.91580341, 634908.05417377 7463045.29599617, 634523.16137708 7463138.2992675, 633896.56668293 7463289.62304259, 632711.0289500999 7463575.85215022, 631787.71018649 7463862.81967132, 630473.3781641 7464271.19617342, 628227.69879847 7464968.63163979, 626995.76812075 7465338.08109824, 623388.77080107 7466561.29151747, 622951.64915102 7466709.30135386, 623544.87397437 7466682.86866964, 625380.24192185 7466600.94059092, 626375.5593975 7466447.31851782, 627261.1205919 7466310.5785227, 628855.89878602 7466015.62138629, 630609.44916898 7465540.01854408, 632506.18922021 7465122.89857696, 632839.4391473701 7465043.39065057, 633677.88154983 7464843.83001195, 634257.06799726 7464705.81939537, 635903.6185061 7464455.7785004, 636229.36950357 7464427.77036659, 637165.8920276799 7464346.76023202, 638246.83383425 7464281.73336384, 639954.783323 7464389.69395991, 642801.04977142 7464901.11983421, 643327.36760364 7464995.11943389, 643796.2104948401 7465135.10774951, 644270.745067956 7465276.799890985)	16015	Fault or shear zone
LINESTRING (520903.52083879 7460937.09038972, 521878.4373842 7460945.08053931, 523111.60903805 7460823.56041925, 524058.8903615 7460767.5598339, 525471.01998435 7460830.04042569, 526806.77013572 7460905.52143088, 527908.01960119 7461115.49108143, 528824.27900357 7461218.98042965, 529396.60859074 7461215.96148827, 529930.1291255601 7461072.94881185, 530558.43972889 7460801.94997914, 531357.53494392 7460358.4139913, 531658.67771212 7460207.91930185, 532024.5493569101 7460025.38895853, 532182.29375604 7459946.89962854, 532880.91498297 7459751.87211157, 533899.89213105 7459516.28654444)	16397	Fault or shear zone
LINESTRING (618914.9745863799 7470851.89044462, 620449.6895536 7470159.88884969, 620766.74089219 7469960.88031009, 621131.3265649 7469823.31741649, 621947.4857308 7469515.32335752, 622677.32839852 7469199.26996136, 623433.10201635 7468985.22954858, 624265.13023145 7468764.29099367, 624843.50209946 7468710.33083741, 625557.20159298 7468709.86592191, 626185.22814615 7468709.42895909, 627025.05999256 7468793.9993115, 628964.76155022 7468821.56153241, 630033.2940049201 7468847.51950703, 631075.66464318 7468720.99223836, 632257.15070853 7468421.93949619, 632796.97137288 7468265.91099108, 634092.79861454 7467940.86112186, 635262.2799236201 7467463.32046268, 635324.51537064 7467438.95713211, 635644.21125043 7467313.79988159, 636307.6895511301 7467056.77151463, 636657.20158683 7466921.25928401, 637190.55911127 7466727.24729901, 639329.65381466 7466197.69216345, 639509.6614102999 7466130.67800721, 639807.29054284 7466025.66903679, 640093.86979914 7465951.6767712, 641065.32414682 7465777.15482796, 641243.92202744 7465723.15129801, 642419.37278705 7465557.13495867, 643608.38266546 7465449.11421285, 644270.745067956 7465449.130707046)	16398	Fault or shear zone
LINESTRING (556931.35087387 7494207.77888696, 556392.39701353 7494547.77139712, 556063.47403867 7494912.25786786, 555539.31373062 7495666.26446304, 555257.96155533 7496120.25369018, 555072.2694065199 7496419.74275294, 554527.5386105001 7496881.23194422, 554307.53902452 7497121.23991219, 552794.04956652 7498772.5523466, 553596.08464105 7498208.01852831, 554152.4032223 7497748.16710678, 554862.03073534 7497234.0601492, 555089.24036267 7497031.25055074, 555214.7785812001 7496966.73762543, 555303.84934959 7496972.25131123, 555397.43231938 7496948.76113351, 555500.58854933 7496894.75131075, 556810.03934078 7496760.77135565)	16399	Fault or shear zone
LINESTRING (567151.76612273 7432083.37357781, 567730.68522557 7431589.88847871, 568168.29201238 7431288.90045887, 568619.62185477 7430905.91065513, 569127.41986027 7430552.42852587, 570207.05203314 7429796.45080227, 570814.92089283 7429367.96352972, 571181.6914821099 7429087.96908704, 572041.29843819 7428431.97049891, 572085.9239874301 7428397.96622773, 572359.99928017 7428248.96807601, 572597.55956906 7428089.47909744, 573433.24973712 7427528.94975324, 574200.4368122499 7426979.10089456, 574635.25006624 7426667.43060064, 576376.07707329 7425518.40553629, 576619.71009211 7425359.90997884, 577135.7733778 7425024.90988812, 577386.4587888001 7424789.41039403, 577684.2009075501 7424422.40079254, 578022.97125279 7423394.3783799, 578187.73915605 7422994.3794526, 578204.99156239 7422935.88027822, 578439.81915387 7422052.87718168, 578692.7351899685 7421210.058449306)	16437	Fault or shear zone
LINESTRING (556810.03934078 7496760.77135565, 557265.78819201 7496312.76353351, 557823.72997162 7495965.78001169, 558052.23004521 7495869.26866262, 558255.44011648 7495804.28085724, 559107.92651325 7495515.7834868, 559741.43213243 7495363.28972162, 560097.57076693 7495361.79068184, 560402.5707222699 7495308.80044248, 561172.32029102 7495368.29970157, 561529.06934335 7495500.30069761, 561902.1672820901 7495667.56119192, 562019.8203147301 7495720.30267514, 560744.0715808599 7496242.77802117, 560127.86298172 7496386.28216425, 559327.17128265 7496505.27124616, 558316.31075122 7496567.77132511, 557896.63076381 7496576.25857749, 556810.03934078 7496760.77135565)	16455	Fault or shear zone
LINESTRING (566974.8406973 7434643.37675349, 568089.60082639 7433022.89837301, 568296.82872181 7432721.39931505, 568595.02255695 7432287.91161436, 569873.54209358 7431094.44834444, 570520.12906979 7430676.95922639, 570896.3591598599 7430433.9678086, 571371.8802152399 7430077.46849684, 571731.48819383 7429807.98945321, 572345.31949091 7429347.48097545, 572643.9382001 7429002.98203502, 572876.18954357 7428734.48878471, 573453.38108315 7428068.47055919, 574177.82058558 7427173.94257735, 574635.25006624 7426667.43060064)	16480	Fault or shear zone
LINESTRING (511975.4630899804 7466103.001094348, 512855.51947114 7465188.04146992, 513601.19255641 7464444.55993259, 513817.59964223 7464228.5580989, 513942.3802929 7464124.56014697, 514279.96852975 7463844.06911961, 515065.04165 7463107.58870429, 515755.88863244 7462620.09927526, 516433.99040785 7462126.608641, 517054.88203694 7461633.09011788, 517187.71887851 7461492.10172958, 517396.25070094 7461211.09096377, 517521.64935532 7460828.57830992, 517544.74124636 7460719.94109984, 517686.72612713 7460051.92786615, 517796.79109847 7459534.04905889, 517932.22064498 7458917.0407488, 518187.22076345 7457712.52937746, 518395.41241885 7457367.52603888)	16502	Fault or shear zone
LINESTRING (602600.12363018 7469187.86603131, 602262.93138115 7469164.35452307, 600832.13604394 7469178.32763464, 599663.01596261 7469394.83417521, 597762.65920387 7469640.81138923, 597489.34844059 7469667.79939131, 597311.4096670001 7469700.30923828, 597165.1705940299 7469707.80860215, 596394.50292679 7469866.55819988, 595278.10747966 7469966.36514428, 592823.7306148401 7470144.7996003, 591812.09946741 7470048.78140043, 590298.6120661499 7470063.25182547, 589942.60002628 7470084.24811836, 589421.71112455 7470214.24813314, 589115.08405104 7470324.73516288, 588824.84858926 7470408.24328448, 587871.66355222 7470547.21912561, 587052.03909398 7470704.72517245, 586854.08853385 7470726.21042278, 586603.40124136 7470753.21867346, 586130.4045663601 7470804.71529709, 585920.29140133 7470811.71830911, 585500.8400715101 7470825.70995715, 585195.65120825 7470835.70913985, 585087.34857828 7470846.22027366, 584927.33024594 7470861.21922978, 584777.56827124 7470875.20987981, 584586.01819069 7470893.21951463, 584310.5020194401 7470919.70904445, 583879.20132796 7470960.21011519, 583701.86734132 7470977.20476215, 582347.80440763 7471080.20905437, 581203.085674 7471086.2439976, 579739.75852605 7470960.80656096, 578855.08091138 7470812.84889529, 578480.02250588 7470852.87138789, 577901.46950825 7470887.87979972, 577653.4028529 7470876.89667236, 577322.75883237 7470891.41789858, 576293.71262126 7470941.41729128, 575847.73924532 7470962.92270914, 575222.71520622 7470943.72343947, 575148.13830986 7470941.43090307, 573678.91946201 7470898.41813577, 572502.2000885101 7470847.41121675, 572164.46882037 7470880.42007838, 572049.53843403 7470891.79058132, 571815.7114760299 7470914.92130751, 571284.27922978 7471060.91074807, 571225.08056504 7471076.90912106, 570605.76037921 7471330.39839779, 570152.4556395099 7471515.90027908, 568952.33108781 7471897.88647676, 568120.77617632 7472207.86347971, 567162.27753002 7472588.3373397, 566349.67525128 7472879.3110115, 566344.85032215 7472880.09901163, 565504.4843948201 7473017.31784153, 565163.69955135 7472990.83092275, 564907.79125102 7472971.30959359, 564811.05703531 7472963.81623811, 564180.65658369 7472795.29795085, 563593.33845646 7472557.2718922, 563269.54133116 7472453.75852149, 563139.65042434 7472412.23930114, 562663.8918720901 7472206.20921259, 562560.44050943 7472161.18850053, 562222.55465733 7472045.1661625, 562000.5764721601 7471997.14644267)	16744	Fault or shear zone
LINESTRING (567074.71630619 7478240.92666188, 566440.7586005901 7478657.90019396, 565489.34090637 7479184.88080296, 562984.81093098 7480732.35316027, 562734.95720408 7480927.17813031, 560416.26865676 7482734.7473422)	16754	Fault or shear zone
LINESTRING (532234.76210811 7429894.00725918, 530563.21358794 7430119.39371572, 528895.8400917 7430206.39584655, 527013.86540855 7430326.41197523, 525933.43513843 7430295.41641488, 524558.09278295 7430452.48022588, 522291.76722438 7430985.18921422, 519669.8856106 7431710.43795874, 516914.64800228 7432675.888906, 514070.22180826 7433737.11616069, 511975.4630899804 7434766.167466087)	16814	Fault or shear zone
LINESTRING (515470.58119806 7469457.53161369, 514409.58756316 7469673.52384395, 512928.91954483 7469904.01137188, 511975.4630899804 7470145.430350818)	16816	Fault or shear zone
LINESTRING (531009.8393847001 7462104.42069439, 530741.76309901 7462229.80178007, 530032.6192317 7462561.44004918, 529016.95003648 7462936.44873148, 528052.9689338 7463501.46796554, 526403.0684316501 7464255.50058692, 524600.02121898 7464882.50754835, 523341.04898511 7465344.16974041, 523139.74494814 7465417.97509713, 522079.71927133 7465806.56219287, 521248.94839271 7466342.67068365, 519841.74000517 7467250.56993728, 518248.48104636 7467876.54076657, 516523.54010524 7468879.0285032, 515470.58119806 7469457.53161369, 514102.432026 7470610.53146704, 513444.63038831 7471359.02179719, 512486.99004442 7471917.51898092, 511975.4630899804 7472198.820962953)	16825	Fault or shear zone
LINESTRING (529930.1291255601 7461072.94881185, 529100.64007716 7462146.2026508, 528052.9689338 7463501.46796554)	16878	Fault or shear zone
LINESTRING (554706.6693824501 7439143.80986739, 553558.33929163 7439491.30174451, 551831.65012634 7439491.30958053, 551202.59890926 7439552.312296, 550445.62972876 7439759.81967283, 549493.94066835 7440177.32794646, 548227.37947599 7440798.85949991, 546997.7593224 7441224.36794216, 545337.65133039 7441494.90149437, 544099.84826398 7441578.88902319, 543328.4686823 7441469.90077794, 541288.1691062 7441533.89944919, 540019.18004706 7441700.40969283, 539021.27856476 7441757.90881588, 538055.0695229199 7441820.90971067, 536811.54935092 7442018.9392329, 535733.07195926 7442373.9397229, 534308.33975105 7442933.44071849, 533002.96113437 7443365.94111941, 532883.40569973 7443396.93522953, 532459.41097702 7443699.94257991, 531613.45600951 7444620.93595255, 530309.1954636 7446451.04686284, 529382.04899127 7447918.17931418, 528600.21222913 7449390.78304968, 528205.91027788 7450082.79920326, 527102.11980327 7451601.29034716, 525689.74096123 7453305.76960623, 524885.0977907201 7454057.32930254, 524697.46908647 7454406.36207468, 524491.0445717199 7454793.39433819, 523915.55110906 7455865.95014557, 523536.02535505 7456492.97343324, 522583.22707276 7458058.02305144, 522103.20244429 7458741.5512642, 521876.45962713 7459201.04930622, 521665.87118666 7459585.56185983, 521327.94639523 7460203.06576769, 521050.30062699 7460656.57886209, 520903.52083879 7460937.09038972, 520773.03768044 7461186.58956681, 520433.00039797 7461894.59985498, 519972.06134954 7462584.59920119, 519650.27906279 7463114.60882467, 519346.63857559 7463447.10190432, 519030.03021542 7463741.60068966, 518675.88873739 7463887.08229356, 518338.21272308 7464025.57958042, 517629.80055293 7464194.08797844, 516520.3582247 7464457.58686713, 515780.3799953 7464691.56776288)	16896	Fault or shear zone
LINESTRING (518756.03529311 7451167.80519259, 518556.09633552 7451796.33570769, 518445.8795272 7452562.85753813, 518782.5500414 7454084.92072525, 518860.52968926 7454495.44100282, 519178.00029335 7455979.49184445, 519213.01757314 7456738.52529301, 519013.10827064 7457709.53746343)	17031	Fault or shear zone, major
